{"listings_join_reviews_2009": {"__": {"avg": 0.3367, "min": 0.242, "max": 3.7037, "std": 0.4821, "exec_count": 50, "timestamp": "2024-05-10-18:31:16"}, "__datetime_in_reviews__": {"avg": 0.0143, "min": 0.013, "max": 0.0223, "std": 0.0014, "exec_count": 50, "timestamp": "2024-05-10-18:31:18"}, "__id_in_listings__": {"avg": 0.2337, "min": 0.219, "max": 0.2685, "std": 0.0119, "exec_count": 50, "timestamp": "2024-05-10-18:31:30"}, "__datetime_in_reviews__id_in_listings__": {"avg": 0.0144, "min": 0.0132, "max": 0.0176, "std": 0.0008, "exec_count": 50, "timestamp": "2024-05-10-18:31:31"}}, "listings_join_reviews_2010": {"__": {"avg": 0.2415, "min": 0.2316, "max": 0.2777, "std": 0.0112, "exec_count": 50, "timestamp": "2024-05-10-18:31:43"}, "__datetime_in_reviews__": {"avg": 0.0163, "min": 0.0134, "max": 0.0399, "std": 0.0041, "exec_count": 50, "timestamp": "2024-05-10-18:31:45"}, "__id_in_listings__": {"avg": 0.2368, "min": 0.2299, "max": 0.2552, "std": 0.0058, "exec_count": 50, "timestamp": "2024-05-10-18:31:57"}, "__datetime_in_reviews__id_in_listings__": {"avg": 0.0154, "min": 0.0137, "max": 0.0215, "std": 0.0014, "exec_count": 50, "timestamp": "2024-05-10-18:31:58"}}, "listings_join_reviews_2011": {"__": {"avg": 0.2488, "min": 0.2267, "max": 0.2912, "std": 0.0148, "exec_count": 50, "timestamp": "2024-05-10-18:32:11"}, "__datetime_in_reviews__": {"avg": 0.0168, "min": 0.0155, "max": 0.0227, "std": 0.0011, "exec_count": 50, "timestamp": "2024-05-10-18:32:12"}, "__id_in_listings__": {"avg": 0.2442, "min": 0.2322, "max": 0.3138, "std": 0.0134, "exec_count": 50, "timestamp": "2024-05-10-18:32:24"}, "__datetime_in_reviews__id_in_listings__": {"avg": 0.0169, "min": 0.0153, "max": 0.0194, "std": 0.0009, "exec_count": 50, "timestamp": "2024-05-10-18:32:26"}}, "listings_join_reviews_2012": {"__": {"avg": 0.2493, "min": 0.2354, "max": 0.2818, "std": 0.0094, "exec_count": 50, "timestamp": "2024-05-10-18:32:38"}, "__datetime_in_reviews__": {"avg": 0.02, "min": 0.0179, "max": 0.0285, "std": 0.0017, "exec_count": 50, "timestamp": "2024-05-10-18:32:40"}, "__id_in_listings__": {"avg": 0.248, "min": 0.2353, "max": 0.2627, "std": 0.0068, "exec_count": 50, "timestamp": "2024-05-10-18:32:53"}, "__datetime_in_reviews__id_in_listings__": {"avg": 0.0193, "min": 0.0177, "max": 0.0235, "std": 0.001, "exec_count": 50, "timestamp": "2024-05-10-18:32:54"}}, "listings_join_reviews_2013": {"__": {"avg": 0.2447, "min": 0.2343, "max": 0.2777, "std": 0.0087, "exec_count": 50, "timestamp": "2024-05-10-18:33:07"}, "__datetime_in_reviews__": {"avg": 0.0238, "min": 0.0221, "max": 0.0351, "std": 0.0018, "exec_count": 50, "timestamp": "2024-05-10-18:33:09"}, "__id_in_listings__": {"avg": 0.2546, "min": 0.2369, "max": 0.3399, "std": 0.0188, "exec_count": 50, "timestamp": "2024-05-10-18:33:21"}, "__datetime_in_reviews__id_in_listings__": {"avg": 0.0246, "min": 0.0226, "max": 0.0346, "std": 0.0021, "exec_count": 50, "timestamp": "2024-05-10-18:33:23"}}, "listings_join_reviews_2014": {"__": {"avg": 0.2651, "min": 0.2424, "max": 0.3247, "std": 0.0172, "exec_count": 50, "timestamp": "2024-05-10-18:33:36"}, "__datetime_in_reviews__": {"avg": 0.0344, "min": 0.0307, "max": 0.0773, "std": 0.0068, "exec_count": 50, "timestamp": "2024-05-10-18:33:39"}, "__id_in_listings__": {"avg": 0.2552, "min": 0.2369, "max": 0.2744, "std": 0.0076, "exec_count": 50, "timestamp": "2024-05-10-18:33:52"}, "__datetime_in_reviews__id_in_listings__": {"avg": 0.0332, "min": 0.0307, "max": 0.0409, "std": 0.0015, "exec_count": 50, "timestamp": "2024-05-10-18:33:54"}}, "listings_join_reviews_2015": {"__": {"avg": 0.287, "min": 0.2595, "max": 0.4063, "std": 0.0369, "exec_count": 50, "timestamp": "2024-05-10-18:34:08"}, "__datetime_in_reviews__": {"avg": 0.0533, "min": 0.0495, "max": 0.0862, "std": 0.0049, "exec_count": 50, "timestamp": "2024-05-10-18:34:12"}, "__id_in_listings__": {"avg": 0.2956, "min": 0.2655, "max": 0.4164, "std": 0.0331, "exec_count": 50, "timestamp": "2024-05-10-18:34:27"}, "__datetime_in_reviews__id_in_listings__": {"avg": 0.054, "min": 0.0507, "max": 0.0607, "std": 0.0021, "exec_count": 50, "timestamp": "2024-05-10-18:34:30"}}, "listings_join_reviews_2016": {"__": {"avg": 0.2924, "min": 0.2747, "max": 0.3335, "std": 0.0142, "exec_count": 50, "timestamp": "2024-05-10-18:34:45"}, "__datetime_in_reviews__": {"avg": 0.0698, "min": 0.064, "max": 0.1158, "std": 0.0118, "exec_count": 50, "timestamp": "2024-05-10-18:34:49"}, "__id_in_listings__": {"avg": 0.2938, "min": 0.2822, "max": 0.3396, "std": 0.0114, "exec_count": 50, "timestamp": "2024-05-10-18:35:04"}, "__datetime_in_reviews__id_in_listings__": {"avg": 0.0702, "min": 0.0645, "max": 0.1174, "std": 0.0115, "exec_count": 50, "timestamp": "2024-05-10-18:35:08"}}, "listings_join_reviews_2017": {"__": {"avg": 0.3071, "min": 0.2873, "max": 0.3439, "std": 0.0115, "exec_count": 50, "timestamp": "2024-05-10-18:35:24"}, "__datetime_in_reviews__": {"avg": 0.1493, "min": 0.1461, "max": 0.1533, "std": 0.0017, "exec_count": 50, "timestamp": "2024-05-10-18:35:32"}, "__id_in_listings__": {"avg": 0.3127, "min": 0.2952, "max": 0.372, "std": 0.0141, "exec_count": 50, "timestamp": "2024-05-10-18:35:47"}, "__datetime_in_reviews__id_in_listings__": {"avg": 0.1472, "min": 0.1441, "max": 0.153, "std": 0.0016, "exec_count": 50, "timestamp": "2024-05-10-18:35:56"}}, "listings_join_reviews_2018": {"__": {"avg": 0.6324, "min": 0.6191, "max": 0.6798, "std": 0.0128, "exec_count": 50, "timestamp": "2024-05-10-18:36:27"}, "__datetime_in_reviews__": {"avg": 0.1925, "min": 0.1864, "max": 0.2377, "std": 0.0111, "exec_count": 50, "timestamp": "2024-05-10-18:36:38"}, "__id_in_listings__": {"avg": 0.6418, "min": 0.6137, "max": 0.6907, "std": 0.0154, "exec_count": 50, "timestamp": "2024-05-10-18:37:10"}, "__datetime_in_reviews__id_in_listings__": {"avg": 0.1954, "min": 0.1874, "max": 0.2408, "std": 0.0114, "exec_count": 50, "timestamp": "2024-05-10-18:37:20"}}, "listings_join_reviews_2019": {"__": {"avg": 0.6656, "min": 0.6414, "max": 0.7141, "std": 0.0154, "exec_count": 50, "timestamp": "2024-05-10-18:37:54"}, "__datetime_in_reviews__": {"avg": 0.2471, "min": 0.2354, "max": 0.293, "std": 0.0153, "exec_count": 50, "timestamp": "2024-05-10-18:38:07"}, "__id_in_listings__": {"avg": 0.6747, "min": 0.6522, "max": 0.7234, "std": 0.0178, "exec_count": 50, "timestamp": "2024-05-10-18:38:41"}, "__datetime_in_reviews__id_in_listings__": {"avg": 0.2485, "min": 0.2355, "max": 0.3145, "std": 0.0157, "exec_count": 50, "timestamp": "2024-05-10-18:38:54"}}, "listings_join_reviews_2020": {"__": {"avg": 0.3097, "min": 0.2876, "max": 0.4472, "std": 0.0284, "exec_count": 50, "timestamp": "2024-05-10-18:39:09"}, "__datetime_in_reviews__": {"avg": 0.1437, "min": 0.1343, "max": 0.1897, "std": 0.0135, "exec_count": 50, "timestamp": "2024-05-10-18:39:17"}, "__id_in_listings__": {"avg": 0.3026, "min": 0.2879, "max": 0.3507, "std": 0.0126, "exec_count": 50, "timestamp": "2024-05-10-18:39:32"}, "__datetime_in_reviews__id_in_listings__": {"avg": 0.1431, "min": 0.1349, "max": 0.1888, "std": 0.013, "exec_count": 50, "timestamp": "2024-05-10-18:39:40"}}, "listings_join_reviews_2021": {"__": {"avg": 0.6682, "min": 0.646, "max": 0.7167, "std": 0.0162, "exec_count": 50, "timestamp": "2024-05-10-18:40:14"}, "__datetime_in_reviews__": {"avg": 0.2252, "min": 0.2144, "max": 0.2736, "std": 0.0154, "exec_count": 50, "timestamp": "2024-05-10-18:40:26"}, "__id_in_listings__": {"avg": 0.667, "min": 0.646, "max": 0.7271, "std": 0.0167, "exec_count": 50, "timestamp": "2024-05-10-18:40:59"}, "__datetime_in_reviews__id_in_listings__": {"avg": 0.2226, "min": 0.2127, "max": 0.2659, "std": 0.0132, "exec_count": 50, "timestamp": "2024-05-10-18:41:11"}}, "listings_join_reviews_2022": {"__": {"avg": 0.7161, "min": 0.6857, "max": 0.7645, "std": 0.0197, "exec_count": 50, "timestamp": "2024-05-10-18:41:47"}, "__datetime_in_reviews__": {"avg": 0.7292, "min": 0.699, "max": 0.8028, "std": 0.0268, "exec_count": 50, "timestamp": "2024-05-10-18:42:24"}, "__id_in_listings__": {"avg": 0.7124, "min": 0.6881, "max": 0.7628, "std": 0.0215, "exec_count": 50, "timestamp": "2024-05-10-18:43:00"}, "__datetime_in_reviews__id_in_listings__": {"avg": 0.7106, "min": 0.6899, "max": 0.7544, "std": 0.0201, "exec_count": 50, "timestamp": "2024-05-10-18:43:36"}}, "listings_join_reviews_2023": {"__": {"avg": 0.7311, "min": 0.6991, "max": 0.7913, "std": 0.0227, "exec_count": 50, "timestamp": "2024-05-10-18:44:12"}, "__datetime_in_reviews__": {"avg": 0.725, "min": 0.6954, "max": 0.7886, "std": 0.0251, "exec_count": 50, "timestamp": "2024-05-10-18:44:49"}, "__id_in_listings__": {"avg": 0.7357, "min": 0.6997, "max": 0.7964, "std": 0.0247, "exec_count": 50, "timestamp": "2024-05-10-18:45:26"}, "__datetime_in_reviews__id_in_listings__": {"avg": 0.7345, "min": 0.7015, "max": 0.7841, "std": 0.0251, "exec_count": 50, "timestamp": "2024-05-10-18:46:04"}}, "listings_join_reviews_2024": {"__": {"avg": 0.2575, "min": 0.2401, "max": 0.2977, "std": 0.0121, "exec_count": 50, "timestamp": "2024-05-10-18:46:16"}, "__datetime_in_reviews__": {"avg": 0.0312, "min": 0.0288, "max": 0.0517, "std": 0.0031, "exec_count": 50, "timestamp": "2024-05-10-18:46:19"}, "__id_in_listings__": {"avg": 0.26, "min": 0.2451, "max": 0.3024, "std": 0.0116, "exec_count": 50, "timestamp": "2024-05-10-18:46:32"}, "__datetime_in_reviews__id_in_listings__": {"avg": 0.0315, "min": 0.0289, "max": 0.0421, "std": 0.0022, "exec_count": 50, "timestamp": "2024-05-10-18:46:34"}}}