{"apartment_2009": {"__": {"avg": 1.2793, "min": 1.1602, "max": 1.4385, "std": 0.0704, "exec_count": 50, "timestamp": "2024-05-12-12:34:58"}, "__comments_tsv_in_reviews__": {"avg": 0.4359, "min": 0.4218, "max": 0.4773, "std": 0.011, "exec_count": 50, "timestamp": "2024-05-12-12:35:20"}, "__datetime_in_reviews__": {"avg": 1.194, "min": 1.1594, "max": 1.2446, "std": 0.0253, "exec_count": 50, "timestamp": "2024-05-12-12:36:20"}, "__datetime_in_reviews__comments_tsv_in_reviews__": {"avg": 0.4271, "min": 0.4117, "max": 0.438, "std": 0.0075, "exec_count": 50, "timestamp": "2024-05-12-12:36:42"}}, "apartment_2010": {"__": {"avg": 1.3376, "min": 1.1951, "max": 1.643, "std": 0.1112, "exec_count": 50, "timestamp": "2024-05-12-12:42:09"}, "__comments_tsv_in_reviews__": {"avg": 0.4496, "min": 0.425, "max": 0.5204, "std": 0.0201, "exec_count": 50, "timestamp": "2024-05-12-12:42:32"}, "__datetime_in_reviews__": {"avg": 1.3447, "min": 1.1358, "max": 1.7116, "std": 0.1283, "exec_count": 50, "timestamp": "2024-05-12-12:43:40"}, "__datetime_in_reviews__comments_tsv_in_reviews__": {"avg": 0.5301, "min": 0.4589, "max": 0.7264, "std": 0.0586, "exec_count": 50, "timestamp": "2024-05-12-12:44:06"}}, "apartment_2011": {"__": {"avg": 1.4019, "min": 1.2045, "max": 1.7643, "std": 0.1309, "exec_count": 50, "timestamp": "2024-05-12-12:50:06"}, "__comments_tsv_in_reviews__": {"avg": 0.5384, "min": 0.4884, "max": 0.661, "std": 0.0362, "exec_count": 50, "timestamp": "2024-05-12-12:50:33"}, "__datetime_in_reviews__": {"avg": 1.449, "min": 1.2736, "max": 2.0561, "std": 0.1696, "exec_count": 50, "timestamp": "2024-05-12-12:51:46"}, "__datetime_in_reviews__comments_tsv_in_reviews__": {"avg": 0.526, "min": 0.4648, "max": 0.6703, "std": 0.0413, "exec_count": 50, "timestamp": "2024-05-12-12:52:12"}}, "apartment_2012": {"__": {"avg": 1.4734, "min": 1.3182, "max": 1.8105, "std": 0.1138, "exec_count": 50, "timestamp": "2024-05-12-12:58:03"}, "__comments_tsv_in_reviews__": {"avg": 0.4989, "min": 0.4572, "max": 0.5883, "std": 0.0376, "exec_count": 50, "timestamp": "2024-05-12-12:58:28"}, "__datetime_in_reviews__": {"avg": 1.5114, "min": 1.3439, "max": 1.834, "std": 0.0925, "exec_count": 50, "timestamp": "2024-05-12-12:59:45"}, "__datetime_in_reviews__comments_tsv_in_reviews__": {"avg": 0.4696, "min": 0.4411, "max": 0.52, "std": 0.0161, "exec_count": 50, "timestamp": "2024-05-12-13:00:08"}}, "apartment_2013": {"__": {"avg": 1.4499, "min": 1.238, "max": 2.2358, "std": 0.1893, "exec_count": 50, "timestamp": "2024-05-12-13:11:56"}, "__comments_tsv_in_reviews__": {"avg": 0.5774, "min": 0.4675, "max": 0.8415, "std": 0.0829, "exec_count": 50, "timestamp": "2024-05-12-13:12:25"}, "__datetime_in_reviews__": {"avg": 1.4184, "min": 1.2504, "max": 2.1037, "std": 0.1625, "exec_count": 50, "timestamp": "2024-05-12-13:13:37"}, "__datetime_in_reviews__comments_tsv_in_reviews__": {"avg": 0.4896, "min": 0.451, "max": 0.607, "std": 0.0252, "exec_count": 50, "timestamp": "2024-05-12-13:14:01"}}, "apartment_2014": {"__": {"avg": 1.4013, "min": 1.277, "max": 1.6412, "std": 0.0848, "exec_count": 50, "timestamp": "2024-05-12-13:20:00"}, "__comments_tsv_in_reviews__": {"avg": 0.5235, "min": 0.4835, "max": 0.608, "std": 0.0279, "exec_count": 50, "timestamp": "2024-05-12-13:20:26"}, "__datetime_in_reviews__": {"avg": 1.3953, "min": 1.2566, "max": 1.5997, "std": 0.0785, "exec_count": 50, "timestamp": "2024-05-12-13:21:37"}, "__datetime_in_reviews__comments_tsv_in_reviews__": {"avg": 0.5497, "min": 0.5118, "max": 0.638, "std": 0.0283, "exec_count": 50, "timestamp": "2024-05-12-13:22:04"}}, "apartment_2017": {"__": {"avg": 1.5897, "min": 1.3625, "max": 2.3087, "std": 0.1789, "exec_count": 50, "timestamp": "2024-05-12-13:28:18"}, "__comments_tsv_in_reviews__": {"avg": 0.7067, "min": 0.5653, "max": 1.2023, "std": 0.1256, "exec_count": 50, "timestamp": "2024-05-12-13:28:53"}, "__datetime_in_reviews__": {"avg": 1.6413, "min": 1.323, "max": 2.7353, "std": 0.2508, "exec_count": 50, "timestamp": "2024-05-12-13:30:16"}, "__datetime_in_reviews__comments_tsv_in_reviews__": {"avg": 0.715, "min": 0.6114, "max": 0.9258, "std": 0.0746, "exec_count": 50, "timestamp": "2024-05-12-13:30:52"}}, "apartment_2019": {"__": {"avg": 1.5199, "min": 1.3319, "max": 1.6744, "std": 0.0869, "exec_count": 50, "timestamp": "2024-05-12-13:39:30"}, "__comments_tsv_in_reviews__": {"avg": 0.645, "min": 0.5794, "max": 0.7362, "std": 0.0397, "exec_count": 50, "timestamp": "2024-05-12-13:40:03"}, "__datetime_in_reviews__": {"avg": 1.4321, "min": 1.3401, "max": 1.6826, "std": 0.0706, "exec_count": 50, "timestamp": "2024-05-12-13:41:15"}, "__datetime_in_reviews__comments_tsv_in_reviews__": {"avg": 0.6111, "min": 0.5694, "max": 0.7009, "std": 0.0295, "exec_count": 50, "timestamp": "2024-05-12-13:41:46"}}, "apartment_2023": {"__": {"avg": 1.4935, "min": 1.3385, "max": 1.7562, "std": 0.0937, "exec_count": 50, "timestamp": "2024-05-12-17:20:24"}, "__comments_tsv_in_reviews__": {"avg": 0.6847, "min": 0.6103, "max": 0.9286, "std": 0.054, "exec_count": 50, "timestamp": "2024-05-12-17:20:58"}, "__datetime_in_reviews__": {"avg": 1.4625, "min": 1.3306, "max": 2.0202, "std": 0.1158, "exec_count": 50, "timestamp": "2024-05-12-17:22:12"}, "__datetime_in_reviews__comments_tsv_in_reviews__": {"avg": 0.664, "min": 0.594, "max": 0.8849, "std": 0.0426, "exec_count": 50, "timestamp": "2024-05-12-17:22:45"}}, "awesome_2009": {"__": {"avg": 1.2445, "min": 1.1695, "max": 1.382, "std": 0.0539, "exec_count": 50, "timestamp": "2024-05-12-12:32:45"}, "__comments_tsv_in_reviews__": {"avg": 0.0742, "min": 0.0702, "max": 0.0807, "std": 0.0025, "exec_count": 50, "timestamp": "2024-05-12-12:32:48"}, "__datetime_in_reviews__": {"avg": 1.2276, "min": 1.1573, "max": 1.4151, "std": 0.066, "exec_count": 50, "timestamp": "2024-05-12-12:33:50"}, "__datetime_in_reviews__comments_tsv_in_reviews__": {"avg": 0.071, "min": 0.0673, "max": 0.0814, "std": 0.0023, "exec_count": 50, "timestamp": "2024-05-12-12:33:54"}}, "awesome_2010": {"__": {"avg": 1.3249, "min": 1.2021, "max": 1.7789, "std": 0.1153, "exec_count": 50, "timestamp": "2024-05-12-12:39:50"}, "__comments_tsv_in_reviews__": {"avg": 0.0777, "min": 0.0731, "max": 0.0853, "std": 0.0027, "exec_count": 50, "timestamp": "2024-05-12-12:39:54"}, "__datetime_in_reviews__": {"avg": 1.2803, "min": 1.1709, "max": 1.413, "std": 0.0623, "exec_count": 50, "timestamp": "2024-05-12-12:40:59"}, "__datetime_in_reviews__comments_tsv_in_reviews__": {"avg": 0.0743, "min": 0.0719, "max": 0.0785, "std": 0.0013, "exec_count": 50, "timestamp": "2024-05-12-12:41:02"}}, "awesome_2011": {"__": {"avg": 1.5073, "min": 1.3371, "max": 1.965, "std": 0.1037, "exec_count": 50, "timestamp": "2024-05-12-12:47:42"}, "__comments_tsv_in_reviews__": {"avg": 0.0871, "min": 0.0756, "max": 0.1291, "std": 0.0109, "exec_count": 50, "timestamp": "2024-05-12-12:47:46"}, "__datetime_in_reviews__": {"avg": 1.2976, "min": 1.2124, "max": 1.4575, "std": 0.0577, "exec_count": 50, "timestamp": "2024-05-12-12:48:52"}, "__datetime_in_reviews__comments_tsv_in_reviews__": {"avg": 0.0746, "min": 0.0716, "max": 0.0967, "std": 0.0055, "exec_count": 50, "timestamp": "2024-05-12-12:48:55"}}, "awesome_2012": {"__": {"avg": 1.3096, "min": 1.2354, "max": 1.438, "std": 0.0478, "exec_count": 50, "timestamp": "2024-05-12-12:55:32"}, "__comments_tsv_in_reviews__": {"avg": 0.0759, "min": 0.0703, "max": 0.0964, "std": 0.0036, "exec_count": 50, "timestamp": "2024-05-12-12:55:36"}, "__datetime_in_reviews__": {"avg": 1.3756, "min": 1.2372, "max": 1.8447, "std": 0.1602, "exec_count": 50, "timestamp": "2024-05-12-12:56:46"}, "__datetime_in_reviews__comments_tsv_in_reviews__": {"avg": 0.0821, "min": 0.0739, "max": 0.0999, "std": 0.0043, "exec_count": 50, "timestamp": "2024-05-12-12:56:50"}}, "awesome_2013": {"__": {"avg": 1.4289, "min": 1.2958, "max": 1.6333, "std": 0.0678, "exec_count": 50, "timestamp": "2024-05-12-13:09:24"}, "__comments_tsv_in_reviews__": {"avg": 0.0798, "min": 0.0743, "max": 0.0993, "std": 0.0048, "exec_count": 50, "timestamp": "2024-05-12-13:09:28"}, "__datetime_in_reviews__": {"avg": 1.4141, "min": 1.3009, "max": 1.6146, "std": 0.0655, "exec_count": 50, "timestamp": "2024-05-12-13:10:39"}, "__datetime_in_reviews__comments_tsv_in_reviews__": {"avg": 0.0861, "min": 0.0798, "max": 0.103, "std": 0.0058, "exec_count": 50, "timestamp": "2024-05-12-13:10:44"}}, "awesome_2014": {"__": {"avg": 1.4194, "min": 1.2612, "max": 1.5815, "std": 0.0809, "exec_count": 50, "timestamp": "2024-05-12-13:17:28"}, "__comments_tsv_in_reviews__": {"avg": 0.0845, "min": 0.0745, "max": 0.0908, "std": 0.0031, "exec_count": 50, "timestamp": "2024-05-12-13:17:32"}, "__datetime_in_reviews__": {"avg": 1.448, "min": 1.2895, "max": 1.6769, "std": 0.0905, "exec_count": 50, "timestamp": "2024-05-12-13:18:45"}, "__datetime_in_reviews__comments_tsv_in_reviews__": {"avg": 0.0958, "min": 0.087, "max": 0.1216, "std": 0.0065, "exec_count": 50, "timestamp": "2024-05-12-13:18:50"}}, "awesome_2017": {"__": {"avg": 1.3932, "min": 1.2591, "max": 1.54, "std": 0.074, "exec_count": 50, "timestamp": "2024-05-12-13:25:28"}, "__comments_tsv_in_reviews__": {"avg": 0.1027, "min": 0.0939, "max": 0.1525, "std": 0.0085, "exec_count": 50, "timestamp": "2024-05-12-13:25:33"}, "__datetime_in_reviews__": {"avg": 1.5882, "min": 1.2715, "max": 2.8995, "std": 0.3669, "exec_count": 50, "timestamp": "2024-05-12-13:26:53"}, "__datetime_in_reviews__comments_tsv_in_reviews__": {"avg": 0.1068, "min": 0.0921, "max": 0.1518, "std": 0.0129, "exec_count": 50, "timestamp": "2024-05-12-13:26:58"}}, "awesome_2019": {"__": {"avg": 1.3825, "min": 1.2301, "max": 1.6835, "std": 0.1065, "exec_count": 50, "timestamp": "2024-05-12-13:36:54"}, "__comments_tsv_in_reviews__": {"avg": 0.0943, "min": 0.0903, "max": 0.1391, "std": 0.0068, "exec_count": 50, "timestamp": "2024-05-12-13:36:58"}, "__datetime_in_reviews__": {"avg": 1.3999, "min": 1.2611, "max": 1.6056, "std": 0.0788, "exec_count": 50, "timestamp": "2024-05-12-13:38:09"}, "__datetime_in_reviews__comments_tsv_in_reviews__": {"avg": 0.1072, "min": 0.0986, "max": 0.1487, "std": 0.0085, "exec_count": 50, "timestamp": "2024-05-12-13:38:14"}}, "awesome_2023": {"__": {"avg": 1.2445, "min": 1.1924, "max": 1.521, "std": 0.0515, "exec_count": 50, "timestamp": "2024-05-12-17:17:55"}, "__comments_tsv_in_reviews__": {"avg": 0.0965, "min": 0.0897, "max": 0.1386, "std": 0.008, "exec_count": 50, "timestamp": "2024-05-12-17:17:59"}, "__datetime_in_reviews__": {"avg": 1.2787, "min": 1.1935, "max": 1.7791, "std": 0.1016, "exec_count": 50, "timestamp": "2024-05-12-17:19:04"}, "__datetime_in_reviews__comments_tsv_in_reviews__": {"avg": 0.0955, "min": 0.0884, "max": 0.1374, "std": 0.0066, "exec_count": 50, "timestamp": "2024-05-12-17:19:09"}}, "horrible_2009": {"__": {"avg": 1.1455, "min": 1.1047, "max": 1.3004, "std": 0.0412, "exec_count": 50, "timestamp": "2024-05-12-12:30:43"}, "__comments_tsv_in_reviews__": {"avg": 0.0031, "min": 0.0024, "max": 0.0118, "std": 0.0013, "exec_count": 50, "timestamp": "2024-05-12-12:30:43"}, "__datetime_in_reviews__": {"avg": 1.1745, "min": 1.1456, "max": 1.2458, "std": 0.0242, "exec_count": 50, "timestamp": "2024-05-12-12:31:42"}, "__datetime_in_reviews__comments_tsv_in_reviews__": {"avg": 0.0026, "min": 0.0024, "max": 0.0051, "std": 0.0004, "exec_count": 50, "timestamp": "2024-05-12-12:31:42"}}, "horrible_2010": {"__": {"avg": 1.2248, "min": 1.154, "max": 1.3749, "std": 0.0667, "exec_count": 50, "timestamp": "2024-05-12-12:37:43"}, "__comments_tsv_in_reviews__": {"avg": 0.0024, "min": 0.0022, "max": 0.0079, "std": 0.0008, "exec_count": 50, "timestamp": "2024-05-12-12:37:43"}, "__datetime_in_reviews__": {"avg": 1.1984, "min": 1.1499, "max": 1.2472, "std": 0.0274, "exec_count": 50, "timestamp": "2024-05-12-12:38:44"}, "__datetime_in_reviews__comments_tsv_in_reviews__": {"avg": 0.0024, "min": 0.0023, "max": 0.0032, "std": 0.0001, "exec_count": 50, "timestamp": "2024-05-12-12:38:44"}}, "horrible_2011": {"__": {"avg": 1.4125, "min": 1.1969, "max": 2.0405, "std": 0.1826, "exec_count": 50, "timestamp": "2024-05-12-12:45:17"}, "__comments_tsv_in_reviews__": {"avg": 0.0026, "min": 0.0024, "max": 0.0055, "std": 0.0004, "exec_count": 50, "timestamp": "2024-05-12-12:45:17"}, "__datetime_in_reviews__": {"avg": 1.367, "min": 1.1975, "max": 1.6535, "std": 0.1153, "exec_count": 50, "timestamp": "2024-05-12-12:46:26"}, "__datetime_in_reviews__comments_tsv_in_reviews__": {"avg": 0.0031, "min": 0.0024, "max": 0.004, "std": 0.0004, "exec_count": 50, "timestamp": "2024-05-12-12:46:26"}}, "horrible_2012": {"__": {"avg": 1.3781, "min": 1.2359, "max": 1.9175, "std": 0.1334, "exec_count": 50, "timestamp": "2024-05-12-12:53:21"}, "__comments_tsv_in_reviews__": {"avg": 0.0033, "min": 0.0027, "max": 0.0067, "std": 0.0006, "exec_count": 50, "timestamp": "2024-05-12-12:53:21"}, "__datetime_in_reviews__": {"avg": 1.2913, "min": 1.1537, "max": 1.4798, "std": 0.079, "exec_count": 50, "timestamp": "2024-05-12-12:54:27"}, "__datetime_in_reviews__comments_tsv_in_reviews__": {"avg": 0.0028, "min": 0.0026, "max": 0.0037, "std": 0.0002, "exec_count": 50, "timestamp": "2024-05-12-12:54:27"}}, "horrible_2013": {"__": {"avg": 1.1986, "min": 1.1253, "max": 1.3073, "std": 0.0466, "exec_count": 50, "timestamp": "2024-05-12-13:07:05"}, "__comments_tsv_in_reviews__": {"avg": 0.0027, "min": 0.0022, "max": 0.0096, "std": 0.001, "exec_count": 50, "timestamp": "2024-05-12-13:07:05"}, "__datetime_in_reviews__": {"avg": 1.3236, "min": 1.2018, "max": 1.5265, "std": 0.0851, "exec_count": 50, "timestamp": "2024-05-12-13:08:12"}, "__datetime_in_reviews__comments_tsv_in_reviews__": {"avg": 0.0031, "min": 0.0026, "max": 0.0048, "std": 0.0005, "exec_count": 50, "timestamp": "2024-05-12-13:08:12"}}, "horrible_2014": {"__": {"avg": 1.357, "min": 1.2345, "max": 1.6137, "std": 0.0754, "exec_count": 50, "timestamp": "2024-05-12-13:15:09"}, "__comments_tsv_in_reviews__": {"avg": 0.0028, "min": 0.0025, "max": 0.0058, "std": 0.0004, "exec_count": 50, "timestamp": "2024-05-12-13:15:09"}, "__datetime_in_reviews__": {"avg": 1.3278, "min": 1.2249, "max": 1.7088, "std": 0.0865, "exec_count": 50, "timestamp": "2024-05-12-13:16:16"}, "__datetime_in_reviews__comments_tsv_in_reviews__": {"avg": 0.0029, "min": 0.0026, "max": 0.0046, "std": 0.0003, "exec_count": 50, "timestamp": "2024-05-12-13:16:17"}}, "horrible_2017": {"__": {"avg": 1.403, "min": 1.2261, "max": 1.6277, "std": 0.1117, "exec_count": 50, "timestamp": "2024-05-12-13:23:14"}, "__comments_tsv_in_reviews__": {"avg": 0.0033, "min": 0.0029, "max": 0.0078, "std": 0.0007, "exec_count": 50, "timestamp": "2024-05-12-13:23:15"}, "__datetime_in_reviews__": {"avg": 1.2483, "min": 1.1575, "max": 1.4544, "std": 0.0648, "exec_count": 50, "timestamp": "2024-05-12-13:24:18"}, "__datetime_in_reviews__comments_tsv_in_reviews__": {"avg": 0.0028, "min": 0.0027, "max": 0.0036, "std": 0.0001, "exec_count": 50, "timestamp": "2024-05-12-13:24:18"}}, "horrible_2019": {"__": {"avg": 1.2606, "min": 1.1525, "max": 1.5443, "std": 0.1005, "exec_count": 50, "timestamp": "2024-05-12-13:34:38"}, "__comments_tsv_in_reviews__": {"avg": 0.0038, "min": 0.0034, "max": 0.0093, "std": 0.0008, "exec_count": 50, "timestamp": "2024-05-12-13:34:39"}, "__datetime_in_reviews__": {"avg": 1.2936, "min": 1.182, "max": 1.4863, "std": 0.0743, "exec_count": 50, "timestamp": "2024-05-12-13:35:44"}, "__datetime_in_reviews__comments_tsv_in_reviews__": {"avg": 0.004, "min": 0.0037, "max": 0.0048, "std": 0.0002, "exec_count": 50, "timestamp": "2024-05-12-13:35:44"}}, "horrible_2023": {"__": {"avg": 1.2341, "min": 1.1164, "max": 4.8064, "std": 0.5117, "exec_count": 50, "timestamp": "2024-05-12-17:15:51"}, "__comments_tsv_in_reviews__": {"avg": 0.0053, "min": 0.0046, "max": 0.0173, "std": 0.0018, "exec_count": 50, "timestamp": "2024-05-12-17:15:52"}, "__datetime_in_reviews__": {"avg": 1.1916, "min": 1.1341, "max": 1.2965, "std": 0.0346, "exec_count": 50, "timestamp": "2024-05-12-17:16:52"}, "__datetime_in_reviews__comments_tsv_in_reviews__": {"avg": 0.0049, "min": 0.0045, "max": 0.0113, "std": 0.001, "exec_count": 50, "timestamp": "2024-05-12-17:16:52"}}}