{"update_datetimes_neigh_Bedford-Stuyvesant": {"__": {"avg": 8.1209, "min": 6.1394, "max": 11.6946, "std": 1.432, "exec_count": 50, "timestamp": "2024-05-09-11:56:14"}, "__datetime_in_reviews__": {"avg": 9.2673, "min": 7.5022, "max": 13.3565, "std": 1.4117, "exec_count": 50, "timestamp": "2024-05-09-12:04:01"}, "__neighbourhood_group_in_listings__": {"avg": 7.466, "min": 6.1067, "max": 10.7076, "std": 1.2976, "exec_count": 50, "timestamp": "2024-05-09-12:10:15"}, "__datetime_in_reviews__neighbourhood_group_in_listings__": {"avg": 10.1084, "min": 7.9087, "max": 19.0127, "std": 2.136, "exec_count": 50, "timestamp": "2024-05-09-12:18:44"}}, "update_datetimes_neigh_Bronx": {"__": {"avg": 3.062, "min": 2.1354, "max": 13.731, "std": 1.6094, "exec_count": 50, "timestamp": "2024-05-09-00:09:43"}, "__datetime_in_reviews__": {"avg": 3.229, "min": 2.4353, "max": 5.1955, "std": 0.5822, "exec_count": 50, "timestamp": "2024-05-09-00:12:27"}, "__neighbourhood_group_in_listings__": {"avg": 2.7308, "min": 2.0121, "max": 4.29, "std": 0.4482, "exec_count": 50, "timestamp": "2024-05-09-00:14:45"}, "__datetime_in_reviews__neighbourhood_group_in_listings__": {"avg": 3.2348, "min": 2.5672, "max": 5.7462, "std": 0.5524, "exec_count": 50, "timestamp": "2024-05-09-00:17:28"}}, "update_datetimes_neigh_Fort Hamilton": {"__": {"avg": 1.3745, "min": 1.2086, "max": 3.1822, "std": 0.3789, "exec_count": 50, "timestamp": "2024-05-09-10:48:04"}, "__datetime_in_reviews__": {"avg": 1.3408, "min": 1.2558, "max": 1.6696, "std": 0.0848, "exec_count": 50, "timestamp": "2024-05-09-10:49:12"}, "__neighbourhood_group_in_listings__": {"avg": 1.3021, "min": 1.2119, "max": 1.506, "std": 0.0764, "exec_count": 50, "timestamp": "2024-05-09-10:50:17"}, "__datetime_in_reviews__neighbourhood_group_in_listings__": {"avg": 1.3796, "min": 1.2306, "max": 3.0352, "std": 0.2545, "exec_count": 50, "timestamp": "2024-05-09-10:51:27"}}, "update_datetimes_neigh_Long Island City": {"__": {"avg": 2.1678, "min": 1.6991, "max": 5.9945, "std": 0.615, "exec_count": 50, "timestamp": "2024-05-09-11:09:42"}, "__datetime_in_reviews__": {"avg": 2.1682, "min": 1.63, "max": 2.7405, "std": 0.2813, "exec_count": 50, "timestamp": "2024-05-09-11:11:32"}, "__neighbourhood_group_in_listings__": {"avg": 1.9657, "min": 1.5529, "max": 2.4221, "std": 0.1759, "exec_count": 50, "timestamp": "2024-05-09-11:13:11"}, "__datetime_in_reviews__neighbourhood_group_in_listings__": {"avg": 2.1326, "min": 1.8432, "max": 2.6731, "std": 0.2274, "exec_count": 50, "timestamp": "2024-05-09-11:14:59"}}, "update_datetimes_neigh_Manhattan": {"__": {"avg": 24.0173, "min": 17.7831, "max": 43.9113, "std": 5.7379, "exec_count": 50, "timestamp": "2024-05-09-01:38:20"}, "__datetime_in_reviews__": {"avg": 28.7948, "min": 22.7753, "max": 45.5145, "std": 5.6177, "exec_count": 50, "timestamp": "2024-05-09-02:02:27"}, "__neighbourhood_group_in_listings__": {"avg": 28.5798, "min": 23.0714, "max": 51.7686, "std": 6.0322, "exec_count": 50, "timestamp": "2024-05-09-02:26:17"}, "__datetime_in_reviews__neighbourhood_group_in_listings__": {"avg": 37.6606, "min": 27.8374, "max": 54.1894, "std": 5.6921, "exec_count": 50, "timestamp": "2024-05-09-02:57:50"}}, "update_datetimes_neigh_New Springville": {"__": {"avg": 1.2487, "min": 1.2145, "max": 1.8544, "std": 0.0876, "exec_count": 50, "timestamp": "2024-05-09-09:28:22"}, "__datetime_in_reviews__": {"avg": 1.251, "min": 1.211, "max": 1.7215, "std": 0.0706, "exec_count": 50, "timestamp": "2024-05-09-09:29:25"}, "__neighbourhood_group_in_listings__": {"avg": 1.2429, "min": 1.2083, "max": 1.2867, "std": 0.0177, "exec_count": 50, "timestamp": "2024-05-09-09:30:28"}, "__datetime_in_reviews__neighbourhood_group_in_listings__": {"avg": 1.262, "min": 1.22, "max": 2.0127, "std": 0.1087, "exec_count": 50, "timestamp": "2024-05-09-09:31:32"}}, "update_datetimes_neigh_Queens": {"__": {"avg": 11.3607, "min": 7.843, "max": 19.236, "std": 2.6138, "exec_count": 50, "timestamp": "2024-05-09-00:33:20"}, "__datetime_in_reviews__": {"avg": 13.4027, "min": 11.018, "max": 20.2689, "std": 2.6771, "exec_count": 50, "timestamp": "2024-05-09-00:44:33"}, "__neighbourhood_group_in_listings__": {"avg": 11.0274, "min": 9.1057, "max": 16.8148, "std": 2.2611, "exec_count": 50, "timestamp": "2024-05-09-00:53:46"}, "__datetime_in_reviews__neighbourhood_group_in_listings__": {"avg": 12.8226, "min": 10.7947, "max": 18.6573, "std": 1.9728, "exec_count": 50, "timestamp": "2024-05-09-01:04:32"}}, "update_datetimes_neigh_Staten Island": {"__": {"avg": 2.2152, "min": 1.8531, "max": 7.5178, "std": 0.7863, "exec_count": 50, "timestamp": "2024-05-09-01:11:18"}, "__datetime_in_reviews__": {"avg": 2.3927, "min": 1.9938, "max": 3.7603, "std": 0.3488, "exec_count": 50, "timestamp": "2024-05-09-01:13:20"}, "__neighbourhood_group_in_listings__": {"avg": 2.1521, "min": 1.7975, "max": 3.2389, "std": 0.2335, "exec_count": 50, "timestamp": "2024-05-09-01:15:09"}, "__datetime_in_reviews__neighbourhood_group_in_listings__": {"avg": 2.2571, "min": 1.8776, "max": 4.076, "std": 0.3433, "exec_count": 50, "timestamp": "2024-05-09-01:17:04"}}}