{"listings_join_reviews_2009": {"__": {"avg": 0.317, "min": 0.3055, "max": 0.3672, "std": 0.0135, "exec_count": 50, "timestamp": "2024-05-09-07:43:57"}, "__datetime_in_reviews__": {"avg": 0.0148, "min": 0.0133, "max": 0.0201, "std": 0.0014, "exec_count": 50, "timestamp": "2024-05-09-07:43:59"}, "__neighbourhood_in_listings__": {"avg": 0.3076, "min": 0.3011, "max": 0.3401, "std": 0.0067, "exec_count": 50, "timestamp": "2024-05-09-07:44:14"}, "__datetime_in_reviews__neighbourhood_in_listings__": {"avg": 0.0144, "min": 0.0132, "max": 0.0194, "std": 0.001, "exec_count": 50, "timestamp": "2024-05-09-07:44:16"}}, "listings_join_reviews_2010": {"__": {"avg": 0.3031, "min": 0.298, "max": 0.3266, "std": 0.0054, "exec_count": 50, "timestamp": "2024-05-09-07:44:31"}, "__datetime_in_reviews__": {"avg": 0.0151, "min": 0.0137, "max": 0.0206, "std": 0.0011, "exec_count": 50, "timestamp": "2024-05-09-07:44:32"}, "__neighbourhood_in_listings__": {"avg": 0.3065, "min": 0.2993, "max": 0.3435, "std": 0.0072, "exec_count": 50, "timestamp": "2024-05-09-07:44:48"}, "__datetime_in_reviews__neighbourhood_in_listings__": {"avg": 0.0153, "min": 0.0142, "max": 0.0204, "std": 0.0011, "exec_count": 50, "timestamp": "2024-05-09-07:44:49"}}, "listings_join_reviews_2011": {"__": {"avg": 0.3094, "min": 0.3006, "max": 0.3248, "std": 0.0058, "exec_count": 50, "timestamp": "2024-05-09-07:45:05"}, "__datetime_in_reviews__": {"avg": 0.0177, "min": 0.0164, "max": 0.0237, "std": 0.0011, "exec_count": 50, "timestamp": "2024-05-09-07:45:06"}, "__neighbourhood_in_listings__": {"avg": 0.311, "min": 0.3026, "max": 0.3234, "std": 0.0047, "exec_count": 50, "timestamp": "2024-05-09-07:45:22"}, "__datetime_in_reviews__neighbourhood_in_listings__": {"avg": 0.0176, "min": 0.0162, "max": 0.0232, "std": 0.001, "exec_count": 50, "timestamp": "2024-05-09-07:45:24"}}, "listings_join_reviews_2012": {"__": {"avg": 0.3093, "min": 0.3019, "max": 0.3457, "std": 0.0065, "exec_count": 50, "timestamp": "2024-05-09-07:45:39"}, "__datetime_in_reviews__": {"avg": 0.0213, "min": 0.0196, "max": 0.031, "std": 0.0017, "exec_count": 50, "timestamp": "2024-05-09-07:45:41"}, "__neighbourhood_in_listings__": {"avg": 0.3092, "min": 0.3021, "max": 0.3299, "std": 0.0064, "exec_count": 50, "timestamp": "2024-05-09-07:45:57"}, "__datetime_in_reviews__neighbourhood_in_listings__": {"avg": 0.0217, "min": 0.0188, "max": 0.0291, "std": 0.0016, "exec_count": 50, "timestamp": "2024-05-09-07:45:58"}}, "listings_join_reviews_2013": {"__": {"avg": 0.3081, "min": 0.303, "max": 0.3217, "std": 0.0045, "exec_count": 50, "timestamp": "2024-05-09-07:46:14"}, "__datetime_in_reviews__": {"avg": 0.0242, "min": 0.0228, "max": 0.0355, "std": 0.0019, "exec_count": 50, "timestamp": "2024-05-09-07:46:16"}, "__neighbourhood_in_listings__": {"avg": 0.3109, "min": 0.3042, "max": 0.3827, "std": 0.0111, "exec_count": 50, "timestamp": "2024-05-09-07:46:31"}, "__datetime_in_reviews__neighbourhood_in_listings__": {"avg": 0.0243, "min": 0.0227, "max": 0.0305, "std": 0.0013, "exec_count": 50, "timestamp": "2024-05-09-07:46:33"}}, "listings_join_reviews_2014": {"__": {"avg": 0.3141, "min": 0.3065, "max": 0.3856, "std": 0.0122, "exec_count": 50, "timestamp": "2024-05-09-07:46:49"}, "__datetime_in_reviews__": {"avg": 0.0333, "min": 0.0311, "max": 0.0504, "std": 0.0026, "exec_count": 50, "timestamp": "2024-05-09-07:46:52"}, "__neighbourhood_in_listings__": {"avg": 0.317, "min": 0.3073, "max": 0.3614, "std": 0.0123, "exec_count": 50, "timestamp": "2024-05-09-07:47:08"}, "__datetime_in_reviews__neighbourhood_in_listings__": {"avg": 0.033, "min": 0.031, "max": 0.0378, "std": 0.0015, "exec_count": 50, "timestamp": "2024-05-09-07:47:10"}}, "listings_join_reviews_2015": {"__": {"avg": 0.3314, "min": 0.3255, "max": 0.3865, "std": 0.0089, "exec_count": 50, "timestamp": "2024-05-09-07:47:27"}, "__datetime_in_reviews__": {"avg": 0.0534, "min": 0.0501, "max": 0.0801, "std": 0.0045, "exec_count": 50, "timestamp": "2024-05-09-07:47:30"}, "__neighbourhood_in_listings__": {"avg": 0.334, "min": 0.3281, "max": 0.3471, "std": 0.0041, "exec_count": 50, "timestamp": "2024-05-09-07:47:47"}, "__datetime_in_reviews__neighbourhood_in_listings__": {"avg": 0.0523, "min": 0.0497, "max": 0.0558, "std": 0.0016, "exec_count": 50, "timestamp": "2024-05-09-07:47:50"}}, "listings_join_reviews_2016": {"__": {"avg": 0.3513, "min": 0.3393, "max": 0.4013, "std": 0.0133, "exec_count": 50, "timestamp": "2024-05-09-07:48:08"}, "__datetime_in_reviews__": {"avg": 0.0668, "min": 0.0607, "max": 0.1123, "std": 0.0094, "exec_count": 50, "timestamp": "2024-05-09-07:48:12"}, "__neighbourhood_in_listings__": {"avg": 0.3529, "min": 0.3441, "max": 0.3945, "std": 0.0114, "exec_count": 50, "timestamp": "2024-05-09-07:48:30"}, "__datetime_in_reviews__neighbourhood_in_listings__": {"avg": 0.0692, "min": 0.0619, "max": 0.1241, "std": 0.0121, "exec_count": 50, "timestamp": "2024-05-09-07:48:34"}}, "listings_join_reviews_2017": {"__": {"avg": 0.368, "min": 0.3565, "max": 0.474, "std": 0.0204, "exec_count": 50, "timestamp": "2024-05-09-07:48:53"}, "__datetime_in_reviews__": {"avg": 0.1469, "min": 0.1421, "max": 0.1809, "std": 0.0057, "exec_count": 50, "timestamp": "2024-05-09-07:49:01"}, "__neighbourhood_in_listings__": {"avg": 0.361, "min": 0.3548, "max": 0.3896, "std": 0.0058, "exec_count": 50, "timestamp": "2024-05-09-07:49:19"}, "__datetime_in_reviews__neighbourhood_in_listings__": {"avg": 0.1461, "min": 0.1424, "max": 0.1519, "std": 0.0021, "exec_count": 50, "timestamp": "2024-05-09-07:49:27"}}, "listings_join_reviews_2018": {"__": {"avg": 0.8072, "min": 0.7846, "max": 0.8557, "std": 0.0158, "exec_count": 50, "timestamp": "2024-05-09-07:50:07"}, "__datetime_in_reviews__": {"avg": 0.1917, "min": 0.1846, "max": 0.2332, "std": 0.0107, "exec_count": 50, "timestamp": "2024-05-09-07:50:18"}, "__neighbourhood_in_listings__": {"avg": 0.8051, "min": 0.79, "max": 0.8766, "std": 0.0161, "exec_count": 50, "timestamp": "2024-05-09-07:50:58"}, "__datetime_in_reviews__neighbourhood_in_listings__": {"avg": 0.1925, "min": 0.1848, "max": 0.2434, "std": 0.0116, "exec_count": 50, "timestamp": "2024-05-09-07:51:09"}}, "listings_join_reviews_2019": {"__": {"avg": 0.8223, "min": 0.808, "max": 0.8963, "std": 0.0168, "exec_count": 50, "timestamp": "2024-05-09-07:51:50"}, "__datetime_in_reviews__": {"avg": 0.2373, "min": 0.2275, "max": 0.2846, "std": 0.0142, "exec_count": 50, "timestamp": "2024-05-09-07:52:03"}, "__neighbourhood_in_listings__": {"avg": 0.8222, "min": 0.8055, "max": 0.8717, "std": 0.015, "exec_count": 50, "timestamp": "2024-05-09-07:52:44"}, "__datetime_in_reviews__neighbourhood_in_listings__": {"avg": 0.2375, "min": 0.2275, "max": 0.2791, "std": 0.0123, "exec_count": 50, "timestamp": "2024-05-09-07:52:56"}}, "listings_join_reviews_2020": {"__": {"avg": 0.3591, "min": 0.347, "max": 0.4093, "std": 0.0152, "exec_count": 50, "timestamp": "2024-05-09-07:53:14"}, "__datetime_in_reviews__": {"avg": 0.1398, "min": 0.131, "max": 0.1922, "std": 0.0134, "exec_count": 50, "timestamp": "2024-05-09-07:53:22"}, "__neighbourhood_in_listings__": {"avg": 0.3602, "min": 0.3515, "max": 0.4056, "std": 0.0113, "exec_count": 50, "timestamp": "2024-05-09-07:53:40"}, "__datetime_in_reviews__neighbourhood_in_listings__": {"avg": 0.1412, "min": 0.1331, "max": 0.1869, "std": 0.0134, "exec_count": 50, "timestamp": "2024-05-09-07:53:48"}}, "listings_join_reviews_2021": {"__": {"avg": 0.8294, "min": 0.8055, "max": 0.888, "std": 0.0186, "exec_count": 50, "timestamp": "2024-05-09-07:54:30"}, "__datetime_in_reviews__": {"avg": 0.2173, "min": 0.2071, "max": 0.2617, "std": 0.0137, "exec_count": 50, "timestamp": "2024-05-09-07:54:41"}, "__neighbourhood_in_listings__": {"avg": 0.8183, "min": 0.8049, "max": 0.8644, "std": 0.0136, "exec_count": 50, "timestamp": "2024-05-09-07:55:22"}, "__datetime_in_reviews__neighbourhood_in_listings__": {"avg": 0.2155, "min": 0.2066, "max": 0.2572, "std": 0.0125, "exec_count": 50, "timestamp": "2024-05-09-07:55:34"}}, "listings_join_reviews_2022": {"__": {"avg": 0.8713, "min": 0.8458, "max": 0.9402, "std": 0.0214, "exec_count": 50, "timestamp": "2024-05-09-07:56:17"}, "__datetime_in_reviews__": {"avg": 0.8782, "min": 0.8481, "max": 0.9577, "std": 0.0262, "exec_count": 50, "timestamp": "2024-05-09-07:57:02"}, "__neighbourhood_in_listings__": {"avg": 0.9001, "min": 0.8575, "max": 0.9705, "std": 0.0316, "exec_count": 50, "timestamp": "2024-05-09-07:57:47"}, "__datetime_in_reviews__neighbourhood_in_listings__": {"avg": 0.873, "min": 0.8499, "max": 0.918, "std": 0.0199, "exec_count": 50, "timestamp": "2024-05-09-07:58:32"}}, "listings_join_reviews_2023": {"__": {"avg": 0.8948, "min": 0.8686, "max": 0.9574, "std": 0.0208, "exec_count": 50, "timestamp": "2024-05-09-07:59:17"}, "__datetime_in_reviews__": {"avg": 0.8906, "min": 0.8653, "max": 0.9332, "std": 0.0205, "exec_count": 50, "timestamp": "2024-05-09-08:00:02"}, "__neighbourhood_in_listings__": {"avg": 0.8893, "min": 0.8658, "max": 0.9351, "std": 0.0202, "exec_count": 50, "timestamp": "2024-05-09-08:00:46"}, "__datetime_in_reviews__neighbourhood_in_listings__": {"avg": 0.9224, "min": 0.8764, "max": 1.0589, "std": 0.0341, "exec_count": 50, "timestamp": "2024-05-09-08:01:33"}}, "listings_join_reviews_2024": {"__": {"avg": 0.3119, "min": 0.3059, "max": 0.331, "std": 0.0047, "exec_count": 50, "timestamp": "2024-05-09-08:01:49"}, "__datetime_in_reviews__": {"avg": 0.0317, "min": 0.0293, "max": 0.0492, "std": 0.0027, "exec_count": 50, "timestamp": "2024-05-09-08:01:51"}, "__neighbourhood_in_listings__": {"avg": 0.3188, "min": 0.3101, "max": 0.3656, "std": 0.0126, "exec_count": 50, "timestamp": "2024-05-09-08:02:07"}, "__datetime_in_reviews__neighbourhood_in_listings__": {"avg": 0.0322, "min": 0.0299, "max": 0.0403, "std": 0.0021, "exec_count": 50, "timestamp": "2024-05-09-08:02:10"}}}